{
    "accuracy": 0.9453513129879347,
    "recall": 0.8342245989304813,
    "roc_auc": 0.9798935648040508,
    "tn": 1020,
    "fp": 15,
    "fn": 62,
    "tp": 312
}