{
    "accuracy": 0.9545777146912704,
    "recall": 0.9411764705882353,
    "roc_auc": 0.9920974450386215
}