{
    "accuracy": 0.9531582682753726,
    "recall": 0.8877005347593583,
    "roc_auc": 0.9890800589010307,
    "tn": 1011,
    "fp": 24,
    "fn": 42,
    "tp": 332
}