{
    "accuracy": 0.9304471256210078,
    "recall": 0.8181818181818182,
    "roc_auc": 0.9746648066341163,
    "tn": 1005,
    "fp": 30,
    "fn": 68,
    "tp": 306
}