{
    "accuracy": 0.9559971611071683,
    "recall": 0.8689839572192514,
    "roc_auc": 0.9875868661034902,
    "tn": 1022,
    "fp": 13,
    "fn": 49,
    "tp": 325
}